연도,반기,지역코드,구인인원,채용인원,미충원인원,현원,부족인원,채용계획인원
2009,상반기,11,8697.516238926022,6293.995530040964,0.0,252940.32951574383,7457.3988936707565,6914.781855996779
2009,상반기,21,4073.6189595552755,3276.9974876373035,0.0,139744.26038066513,3206.7020623293474,2974.525654864573
2009,상반기,22,3036.401064013505,2381.780551423893,0.0,103392.02093300628,3281.4801829989788,2365.8240410915932
2009,상반기,23,7025.698105448111,4385.10756426539,0.0,180006.9710072465,5211.9287032682,4605.598034537386
2009,상반기,24,1349.5780926186683,1027.0594483783234,0.0,57217.665717951764,1470.1869598328783,1302.641138187842
2009,상반기,25,1094.3392577880823,864.1697424113003,0.0,35768.95346440451,885.5098646575793,706.65669917698
2009,상반기,26,1821.2381868731109,1364.9283525240876,0.0,139466.97026177615,1153.1691947824233,1112.1583119050565
2009,상반기,31,41977.7622397232,30123.316350208428,0.0,787552.5625519847,33475.03010915339,30504.269237339784
2009,상반기,32,1322.5391706824448,862.8049395461373,0.0,28569.80535615673,1068.5977016312524,1048.2259615088196
2009,상반기,33,5019.349811247077,3768.322310499943,0.0,114300.58031255285,3307.4327659942373,2549.0135365161877
2009,상반기,34,4440.162236084689,3403.1900619467974,0.0,171304.56988624576,4314.888651449521,3670.79189285188
2009,상반기,35,2189.299964350242,1262.5546630154843,0.0,66947.80796703137,2986.2799476309665,2412.478748060746
2009,상반기,36,2077.8706924601347,1532.0876931013624,0.0,64183.42711850473,1282.1792001195704,1633.1783524548025
2009,상반기,37,7314.4724459064555,5378.578304094591,0.0,216608.55022965433,5400.470693743477,4641.38066903942
2009,상반기,38,10023.158246185945,7334.162635980295,0.0,319917.70478265686,7959.085575671649,7190.90363142779
2009,상반기,39,294.0515855288488,183.83907056814135,0.0,4306.089532113792,229.75511432855745,209.76221577131892
2009,하반기,11,12627.32245105083,9803.856198820393,0.0,255757.54510117558,9056.825785019822,8796.238190390286
2009,하반기,21,6320.3952817505815,4635.082187589905,0.0,141978.316804306,4308.344987786589,4174.907804502431
2009,하반기,22,5720.218714432077,4489.2068074739245,0.0,105255.71325316046,4108.429281634654,3989.8059623883437
2009,하반기,23,9161.37581803948,6557.313746525738,0.0,180091.0799015834,6071.706212561038,6141.096916275043
2009,하반기,24,2703.591913281356,2062.0647510872723,0.0,56678.52849441354,2199.796860433983,2169.6478440927503
2009,하반기,25,1488.0982755758519,1114.888907409316,0.0,35299.45788126806,1135.8676013247364,965.2907159793234
2009,하반기,26,2997.030800862505,2610.681466343875,0.0,134673.91559824094,1652.6317176156986,1468.6887802339131
2009,하반기,31,45461.93873801362,30872.32224289447,0.0,799140.1531781395,36386.27197187816,39816.96272052096
2009,하반기,32,1465.4939570620916,1186.7291019870283,0.0,28523.68598659165,1187.8344978048474,1030.775317262345
2009,하반기,33,6525.3448475347595,5295.3195587040545,0.0,114928.4664925898,4330.010912638184,4315.127724253206
2009,하반기,34,9264.542625468468,7666.710707643585,0.0,170257.83979908118,5767.06615114333,5410.228582450668
2009,하반기,35,3651.4591004070244,3074.8605036443632,0.0,66558.24752971734,2450.1802031103457,2391.355105546516
2009,하반기,36,2475.0392263794165,1932.37895812447,0.0,64312.51512785481,1974.4309051788996,1841.833610037869
2009,하반기,37,11763.182189628204,8705.868841748937,0.0,215159.30707137968,8865.077639353889,9745.275502633098
2009,하반기,38,14679.95275592587,11959.081668587072,0.0,320714.5194131598,8212.181519019452,7857.75685459801
2009,하반기,39,239.56131350003187,182.76649399131364,0.0,4204.19088989497,218.5077025307634,201.97848987707286
2010,상반기,11,9645.227873030086,7110.3777015480955,0.0,143994.9454404195,6970.379081395894,6691.7169074795875
2010,상반기,21,8045.251838124865,6579.48533060432,0.0,135328.43958582182,3860.3426993314056,3825.3142587211473
2010,상반기,22,7138.0277818091945,5309.062778491155,0.0,102268.80654317657,5123.444089351683,5194.686217186954
2010,상반기,23,10455.526265156186,7730.370622856586,0.0,172356.7824602214,7559.707169012015,7163.042524193147
2010,상반기,24,3303.1364858399406,2478.785051745895,0.0,60082.39656957362,2150.024249769417,2142.300811909894
2010,상반기,25,1614.7426603698823,1129.9872573047805,0.0,38076.91311700507,1164.1006707618503,1070.5030150071257
2010,상반기,26,3589.437607202588,2822.8371923790487,0.0,141013.089641663,2872.732577211465,2637.784911875239
2010,상반기,31,67835.38363153883,44554.69032814244,0.0,812269.5209820116,53159.279384550675,52269.646944366235
2010,상반기,32,2395.6787154206304,1548.9338674116802,0.0,30241.711293576554,1958.1597099447854,1939.8134845544455
2010,상반기,33,9909.605020023575,6800.894424202105,0.0,124182.62759288489,5825.539959066909,6027.136129842509
2010,상반기,34,10798.462523986309,8638.42826367597,0.0,189561.18745370104,7000.319088240342,7308.657622258698
2010,상반기,35,4009.629032145359,2840.6627210096594,0.0,79477.91626296802,2490.6785630235236,2514.8656029320687
2010,상반기,36,3089.660540855459,2437.301899523713,0.0,70829.96203019904,2264.685735108921,2038.2866318524425
2010,상반기,37,12047.05623320315,8841.806733860854,0.0,229557.86044826388,8807.921661616514,9430.000648803702
2010,상반기,38,21261.636168866044,14490.582807127368,0.0,334849.7894850389,13156.812054423599,13317.28845090577
2010,상반기,39,394.60174548676,298.3560112039933,0.0,4588.713632146751,477.9520748858322,596.5855955761252
2010,하반기,11,8180.901003223861,6757.262649070574,0.0,147890.6421403391,5000.152992100096,4473.99472033343
2010,하반기,21,6773.189416182285,4578.811358330915,0.0,139299.79930731282,4752.565466574993,4781.982778462074
2010,하반기,22,7431.757696226097,5138.561076503998,0.0,106010.23545667337,6367.203237995487,6418.124131231425
2010,하반기,23,10108.401992688825,7411.567637217481,0.0,177755.47726731378,7189.594432825094,7665.543297858039
2010,하반기,24,3785.275654969773,3296.964610747756,0.0,61790.53821868462,1676.2100830533448,2032.1485082125328
2010,하반기,25,1706.544280450271,1374.4597904503948,0.0,39393.362138410645,1277.4010244763235,1410.935747924517
2010,하반기,26,4959.341386415303,3602.282951352391,0.0,143888.75661760048,2540.9495784939786,2567.3338552539844
2010,하반기,31,61433.58130449049,45629.166376007815,0.0,839963.7751771545,45146.16563245048,49235.5301747065
2010,하반기,32,1906.6591668551616,1383.1318809178563,0.0,31124.120485255826,1805.884267112081,1783.5470710139452
2010,하반기,33,10849.140840888838,7370.820703499541,0.0,128715.32942997149,5495.55470187133,7459.4646229755535
2010,하반기,34,11824.975758776456,9407.96628448001,0.0,196449.94985614985,5846.731203181892,7093.98957345113
2010,하반기,35,4608.3976941715755,3501.1233784510455,0.0,81576.73334451106,2636.046510070634,3394.7326553815697
2010,하반기,36,4345.825481493461,3280.932400186602,0.0,72518.09229804411,2135.55628237549,2216.706886793626
2010,하반기,37,12471.278625709228,9873.801673560061,0.0,237628.8625066412,9116.362444516413,9618.995078436297
2010,하반기,38,23930.977301579493,14938.210429160172,0.0,345381.92588116706,19286.605782259867,20149.204385867586
2010,하반기,39,251.9487720475163,158.99622396875125,0.0,4676.833343990407,159.10457981106856,132.09450430808093
2011,상반기,11,9003.662551813031,6622.308361280469,0.0,146003.18436488128,5731.611724167238,5865.32614862196
2011,상반기,21,8570.59188328371,5767.886185225524,0.0,140246.19875085194,4718.196793698693,4860.024940908717
2011,상반기,22,6872.618419984435,4718.719739616398,0.0,110971.7051775281,5415.426106910989,5374.43717384527
2011,상반기,23,9486.936642309229,6941.84859238797,0.0,178672.00310283774,6337.500401128592,6534.594361667758
2011,상반기,24,2935.9128066159096,2024.5646406654678,0.0,61687.41873660999,1908.9406268211164,1983.5703806290942
2011,상반기,25,1483.5104406574803,1100.4138253861715,0.0,40946.27090998803,1050.0982966741208,1149.6201415107034
2011,상반기,26,4193.982033511666,3260.5960184824003,0.0,145695.3542952638,3022.4385726848227,2842.4051706791406
2011,상반기,31,63695.95474413984,42585.851826246944,0.0,869531.429007445,47955.61527665809,48636.61011323884
2011,상반기,32,1618.7720405839284,1202.5683515213107,0.0,33171.75016184504,1556.0287727299835,1538.548258431704
2011,상반기,33,9625.833711708156,6387.718975925966,0.0,134858.5743535061,5326.326542879853,5819.486655486714
2011,상반기,34,12411.002366164572,8925.48627780061,0.0,219779.2848545718,7699.618037013068,8135.815487779107
2011,상반기,35,4416.037462530971,3114.501708583205,0.0,85037.5244058072,2080.396984882118,2470.479009187521
2011,상반기,36,2877.065966513411,1811.6985543821854,0.0,75198.2405161991,1977.439409816394,1908.7840599994195
2011,상반기,37,13610.25200874517,9681.385238975527,0.0,243733.30577949385,8834.520380363881,9865.331734129353
2011,상반기,38,21539.0714996774,14142.176081257816,0.0,341608.9596116382,13702.139747317397,14329.45354174788
2011,상반기,39,332.8612515257785,246.20324641887674,0.0,4779.7723754256,372.98443819372335,448.38667718740766
2011,하반기,11,8019.467678008447,6532.433888248349,0.0,147087.8201102871,5063.543492221772,5995.175313028883
2011,하반기,21,8737.176604195625,6323.909055892119,0.0,143137.20834278196,4606.937668123139,5281.922389209635
2011,하반기,22,6583.871047010086,4982.753848156746,0.0,113695.21041498179,5074.275796620926,4593.063067079354
2011,하반기,23,9311.497089032593,6269.88341333214,0.0,181845.56679853922,6135.650815149355,6397.552502088168
2011,하반기,24,3711.042236539881,2476.318405986597,0.0,63162.56206497565,2059.5841949071623,2118.094658372434
2011,하반기,25,2446.2893542111706,1561.5504052669564,0.0,41945.333779978726,1361.0832919964316,1896.8579219363735
2011,하반기,26,4500.285009273272,3577.2114907577848,0.0,149092.53769511063,2765.219925158763,2943.2762920034597
2011,하반기,31,55590.39762369983,37542.920008628585,0.0,889178.2706275557,42965.78848091422,39933.33362585544
2011,하반기,32,2181.229844194029,1223.7255579852424,0.0,33792.235587494884,1366.0599541471126,1871.2554698537208
2011,하반기,33,8575.581041192989,5535.801650845307,0.0,138144.09810216044,4677.0035712147765,5343.739715282358
2011,하반기,34,10492.546283914531,7508.639993431899,0.0,226288.6879757196,5882.075041982845,6780.806616228638
2011,하반기,35,3582.2712609960363,2936.1581543384746,0.0,86977.09857803048,2457.5263802788577,2892.8747164662805
2011,하반기,36,3038.8119289899873,2170.954852573748,0.0,77315.73537793645,1772.8710611656677,2036.8931623165536
2011,하반기,37,10759.578145767919,6847.723023585536,0.0,248820.95049200035,8908.251108375607,7160.5569045153115
2011,하반기,38,21488.07218307222,14973.316565522256,0.0,351939.5147023608,16140.71868414821,15101.212109893884
2011,하반기,39,553.7113109386838,320.91625310313003,0.0,4842.432901262262,193.23303703857576,286.31432591706243
2012,상반기,11,6508.253599278328,6007.671152642835,0.0,149662.6041734535,3948.2963381305844,3764.3648542926358
2012,상반기,21,9511.767616606527,7093.959842472155,0.0,147971.11667288007,6072.335177271361,6497.2557219983755
2012,상반기,22,5777.001535364487,4341.925352563205,0.0,114854.13440069371,5832.929816576862,5746.167198210868
2012,상반기,23,8011.496995572608,6576.57260535315,0.0,182086.75257221333,6094.625703315068,6733.02778957826
2012,상반기,24,3533.720267663856,2811.123077409078,0.0,65777.39007523283,2250.483230340232,2317.161642780702
2012,상반기,25,1918.9267871512714,1602.6678604795543,0.0,41561.04593631851,986.1442239995381,966.8919248056532
2012,상반기,26,4278.933596749573,3745.666010916968,0.0,150638.1587850889,3010.1586787150063,2966.4868903417837
2012,상반기,31,54055.38207970815,42190.42620216559,0.0,912602.6434874577,41882.540306485265,42865.01073314201
2012,상반기,32,2082.894241036277,1579.2705095788458,0.0,32924.40410974189,2270.478499175711,2245.33005121886
2012,상반기,33,10619.005365419269,7288.284986077492,0.0,137690.1477344972,5008.6307858840155,5932.048127186617
2012,상반기,34,11049.625070448834,9185.466115717276,0.0,212776.2511182553,7203.819251290287,8024.506422248566
2012,상반기,35,10365.02435943875,9440.780692803886,0.0,89115.59331153259,2535.9995272740484,3318.8267674213525
2012,상반기,36,3763.3661652859932,2699.8070194975667,0.0,80709.4104517729,3171.9415206392987,3175.6781249531145
2012,상반기,37,10073.757681847936,7373.060097873551,0.0,255238.34310128874,9356.852988801462,10734.143246240752
2012,상반기,38,21688.783930564765,15032.086939946541,0.0,359409.86217006337,18794.23416939425,19699.363697305114
2012,상반기,39,402.0351039851045,253.95333315328512,0.0,5240.1497632396895,429.93659453043955,386.6154933802941
2012,하반기,11,7279.097950721981,6020.831798076851,0.0,152202.87395588052,4675.493720445236,4751.0488743643655
2012,하반기,21,7902.46204686732,6003.05667324602,0.0,150351.56119980264,6436.349947282567,6400.839800730333
2012,하반기,22,7082.872314912121,4961.7771830557895,0.0,118284.68464773388,5133.684345122549,5102.7625943687635
2012,하반기,23,9692.767472934725,8065.474130225546,0.0,186300.78979720417,5470.558320774362,5517.980086873068
2012,하반기,24,3637.174909986535,2800.487772575665,0.0,66787.81924737144,1939.0208402606117,2117.9952324191318
2012,하반기,25,1840.5875155677943,1603.0588203943496,0.0,43086.75021038069,1096.1064531081154,1094.4147259527904
2012,하반기,26,6278.835730152494,5373.5163394630135,0.0,152149.57596554386,3144.63834765892,3233.9541760387874
2012,하반기,31,54298.46844296958,40513.46458489146,0.0,929261.6106346652,41164.75968193628,40930.90072827787
2012,하반기,32,2020.8469433986786,1737.9884464132824,0.0,33671.87375186432,996.7924293644801,1121.104038287268
2012,하반기,33,9291.5490058551,6590.121723238615,0.0,139822.253941933,5503.951034308395,6475.756196436916
2012,하반기,34,11500.728124803636,9164.15202192503,0.0,217069.53109201769,5052.939914487042,5189.15416349785
2012,하반기,35,4706.103151680311,4000.2321411528865,0.0,91006.71331677974,2283.8618028400588,2551.724451739515
2012,하반기,36,4561.609175838419,3476.260315086377,0.0,82437.36789616002,2833.103344484021,3031.750538234656
2012,하반기,37,12042.199815346521,7838.213902012709,0.0,258899.87762554394,9438.851790687151,10367.738495126618
2012,하반기,38,19931.241463564325,14015.123954217399,0.0,366733.16855524,16013.469348252116,16547.659219985104
2012,하반기,39,318.8855906890075,234.9412587851038,0.0,5282.142213547757,257.7038395909005,377.11834626454163
2013,상반기,11,7122.129611090481,5456.265648064242,0.0,140044.38907979763,5310.588824342256,4425.224196932597
2013,상반기,21,7188.802705119317,5238.3933238835025,0.0,151594.3715717481,5607.259495436088,5562.21634490445
2013,상반기,22,7776.5447526867765,5888.354894760498,0.0,121582.51598691296,5847.324549329416,5998.120584015815
2013,상반기,23,9970.444099922908,7807.699580587987,0.0,185768.99850757574,5630.500129073179,5493.443055005116
2013,상반기,24,3314.038993223346,2675.1079814569034,0.0,64468.61011226707,2387.4948325503246,2508.3543928604868
2013,상반기,25,2165.132162500669,1683.2983404522754,0.0,43459.51182275292,1426.4521252878415,1551.8304136323927
2013,상반기,26,10229.355344996688,8258.251738851406,0.0,166778.10620112502,4197.045110681184,4138.439492179856
2013,상반기,31,57088.783352552775,42209.289602933495,0.0,930282.088943294,38736.05665013132,38141.54532983346
2013,상반기,32,1926.682472122958,1538.3815189272425,0.0,34960.43931937516,1198.1593067117165,1179.50887047219
2013,상반기,33,9604.43528943957,6994.353715085168,0.0,148544.68785038736,5579.548743047113,6173.071298814564
2013,상반기,34,11233.212449530198,8661.51805517615,0.0,233201.0247666399,7683.4367626277,7556.807442531837
2013,상반기,35,3962.8843173164655,3288.7854547654815,0.0,95852.21947975828,3108.8861437848045,3592.865360841049
2013,상반기,36,3583.8851722048853,2712.5952084486926,0.0,81433.51196568979,2747.8193092046627,2959.0023285018683
2013,상반기,37,14946.418163754488,9952.204642933302,0.0,267174.9452770899,10239.68888925603,10693.01503463605
2013,상반기,38,20094.41115459836,15470.800336383198,0.0,359302.47755549295,14913.3064772563,15821.972523710248
2013,상반기,39,415.2532826056127,270.08093854834556,0.0,5512.897611219449,228.6362498747538,235.1290157198976
2013,하반기,11,6830.509407750851,5824.154613441624,0.0,141394.59160480474,4012.6120776498506,3937.664043864686
2013,하반기,21,7085.786029655225,5921.732195093172,0.0,153486.84095055406,4939.3197151263785,4954.043944516479
2013,하반기,22,6941.334372219899,5117.142525377467,0.0,122962.15403142339,5673.746181249636,5816.095953157393
2013,하반기,23,10683.656596740251,8736.560428877345,0.0,187972.4674930101,4783.453825555062,4849.742400296983
2013,하반기,24,3240.4426732090374,2574.7816364030427,0.0,65231.92650123366,1874.9845736786403,1883.3460501519505
2013,하반기,25,2192.7919634676605,1766.2004080127338,0.0,43776.70117723969,1338.760117996393,1334.7829241063657
2013,하반기,26,8094.614854300964,5987.8806923547045,0.0,169318.78034401152,3968.942933170151,4260.417423386262
2013,하반기,31,53370.66288745053,42254.07702148954,0.0,940866.5152837529,35184.84903329326,34581.46380331961
2013,하반기,32,1618.6551215786285,1227.6980706035256,0.0,34914.896828159624,900.2540329445615,844.9014185720531
2013,하반기,33,9602.148096553441,7325.546024859455,0.0,149542.04229632253,4987.222655063593,5257.87353626664
2013,하반기,34,12629.467050763908,10438.42008665655,0.0,235119.65089392313,7044.951843892002,7293.684856389595
2013,하반기,35,5302.0951797738635,4495.414307726358,0.0,96616.09383668735,2910.599518679083,3017.473462612769
2013,하반기,36,4718.959841043913,3219.6401799430887,0.0,82048.01125996915,2734.0969262168014,2933.09486180494
2013,하반기,37,13494.217066323861,9653.103570665433,0.0,270288.79510504723,7574.533970608707,7926.249333959787
2013,하반기,38,18848.06884001029,13856.596059677002,0.0,364371.816773192,10733.365118333548,10956.096056137974
2013,하반기,39,280.53165795913503,192.4231425173402,0.0,5481.692417495079,171.222614437132,184.03631743069568
2014,상반기,11,7150.053569852417,6260.281818864781,0.0,142045.8601050127,4968.608188191139,4779.175713109962
2014,상반기,21,7864.120655208276,6165.617845062858,0.0,155066.92891006524,4602.522996125672,4716.881838687089
2014,상반기,22,6561.948576037324,4738.1610108367395,0.0,121924.88387020577,5191.460562831082,5215.237057689571
2014,상반기,23,9431.586508996184,7653.54503563275,0.0,187311.5816101608,5746.323082507545,5881.359104149174
2014,상반기,24,2630.9058728376567,2257.9754604782534,0.0,65845.4508792268,1823.0512756282078,2129.5410147219454
2014,상반기,25,1943.1056097340747,1614.0976140635223,0.0,44602.39948826996,1225.672499330198,1233.9208215670371
2014,상반기,26,9941.77127859124,8593.937016650385,0.0,172105.07488172172,4336.8636899010835,4476.416510591076
2014,상반기,31,47083.04160223539,36969.05821010402,0.0,958737.4034546922,30896.908990897176,30774.026159550824
2014,상반기,32,1953.7182246098816,1656.789607135513,0.0,35578.571741624335,1245.1891964230995,1265.7751365993156
2014,상반기,33,8821.98359242043,6971.561909107474,0.0,155777.432125894,4795.235780152479,5150.81029181078
2014,상반기,34,11937.091456340764,9872.064425279683,0.0,235899.9951591998,7170.961241560891,7007.507923512066
2014,상반기,35,4766.964812464413,4092.4011282341457,0.0,96091.95351994874,2585.400987160692,2811.7772241152347
2014,상반기,36,4504.082712624691,3520.480046223911,0.0,84535.28420438632,3116.2200802981383,3406.0721183377414
2014,상반기,37,13499.66793588862,9687.980994195119,0.0,270876.4097546151,8487.005227581087,8511.498239317792
2014,상반기,38,24300.517416231312,16371.400796538506,0.0,367934.4227812647,12452.715681396623,12376.200506773817
2014,상반기,39,256.3035023006666,172.47703311674857,0.0,5590.757979269517,260.73216725860533,260.73216725860533
2014,하반기,11,7866.011836519137,7251.463956585318,0.0,143582.85064185984,4704.893419391886,4201.032528347832
2014,하반기,21,8315.337731478312,6969.270192065757,0.0,158384.43417794586,3828.1454834881492,3930.1112913207785
2014,하반기,22,6603.062240208414,4979.66957140871,0.0,124584.02776699347,4467.449388410121,4563.274999507783
2014,하반기,23,8722.748737257152,7662.817935197903,0.0,191592.34769927055,5406.412370418336,5395.875582786388
2014,하반기,24,2756.390498735144,2453.147016427471,0.0,67298.57287403737,1743.0547378058056,1748.0497276976218
2014,하반기,25,2237.1703100816135,1726.933732532163,0.0,45586.20324893011,1271.0430224642994,1461.2332166512795
2014,하반기,26,8232.315752275936,6672.022686007371,0.0,175549.33859792323,4489.828395902482,4556.631037219054
2014,하반기,31,50831.46139178165,42381.56222280486,0.0,977706.1200823792,29139.370793406182,29542.06249970979
2014,하반기,32,1977.448068982206,1492.3654005549492,0.0,36713.87298420277,1131.1454562662884,1113.5760302328704
2014,하반기,33,8352.254499463643,7129.289878384911,0.0,159157.60143187654,3482.7386332111137,3439.387609162385
2014,하반기,34,10533.827462885243,8822.60361307074,0.0,240653.52473376255,4857.008807123753,5705.09540149408
2014,하반기,35,4915.553193115309,4096.274820236363,0.0,98565.36727079516,2712.0934121163637,3098.4944625384683
2014,하반기,36,4437.415251161534,3461.6160706328046,0.0,86664.93564210548,3077.8171501766606,3111.726956948256
2014,하반기,37,11127.087029191169,9218.744448460888,0.0,275515.54456740094,6043.240919190177,6588.178741390179
2014,하반기,38,21409.63926502498,17078.13172289539,0.0,375747.5773790594,10430.44162746884,10321.888628084223
2014,하반기,39,441.3578690250877,359.1782075719501,0.0,5823.377442478077,307.7116335189708,305.9280047154669
2015,상반기,11,6894.829933292924,6115.566275087972,0.0,142921.42128035057,3715.456487090404,3531.6359758828526
2015,상반기,21,7559.3350753531995,5923.682109892453,0.0,160915.67003611563,3689.7748024636157,3835.6649886932823
2015,상반기,22,5768.73324705518,4644.239845935287,0.0,122248.99900405869,4053.9328231240374,4297.211358171966
2015,상반기,23,8355.393542194197,7525.439945095435,0.0,196137.3974663474,4984.745655084249,4897.5919330126735
2015,상반기,24,2387.373212563411,2044.8088184307235,0.0,65256.49634409415,1263.9082345665572,1245.3982555573177
2015,상반기,25,1762.3627453196277,1542.9498784278423,0.0,46618.178267068775,1180.359642349783,1172.049126364488
2015,상반기,26,10601.268980177363,9181.425178572454,0.0,174612.9506398488,3959.66202818566,4010.2358339106213
2015,상반기,31,43573.31841514976,33486.52278706903,0.0,1000289.719905961,33248.51715257814,34646.06868825038
2015,상반기,32,2234.5880519054635,1898.932514892112,0.0,38318.16319845008,1051.775339886008,1113.562998186504
2015,상반기,33,8174.4200351703585,6534.589624648113,0.0,161615.03853096117,4003.621924003435,4128.721637268722
2015,상반기,34,10359.664419899897,8865.878887313165,0.0,241208.64729366815,4965.8861383100475,5204.032742143121
2015,상반기,35,4137.710223498004,3731.111716663589,0.0,98237.02734695862,2419.581345730914,2674.6439323115164
2015,상반기,36,4491.588581934854,3020.3900884902732,0.0,87391.39361517174,2976.4003281204805,3086.429521439582
2015,상반기,37,10230.64274309476,7666.309116825979,0.0,271409.95233795233,5901.605072560713,7167.892770837312
2015,상반기,38,18317.590899638453,14711.047637273643,0.0,372058.21295284724,13446.544384796856,13761.029852446476
2015,상반기,39,320.0877617938156,267.09528759087897,0.0,6009.472582416945,331.6330757484135,331.6330757484135
2015,하반기,11,8002.088823039867,7603.045995907648,0.0,145401.91197322568,3784.874145189702,3110.862214751874
2015,하반기,21,8088.773440311948,6848.905069453727,0.0,161368.59057720582,3802.611478589491,4057.1823334312185
2015,하반기,22,4892.243501031613,3975.348369487886,0.0,123163.47191125143,3758.5977210520678,3923.613615500652
2015,하반기,23,8910.066190363854,7695.204191022638,0.0,196873.80659392543,5053.736712627762,5148.504158265824
2015,하반기,24,2231.994101856831,1989.810485672484,0.0,65898.58197955327,1176.956198872821,1347.1999255178443
2015,하반기,25,1935.9454516442731,1638.4975347071193,0.0,46671.253228646834,1269.0621501790656,1318.064026134362
2015,하반기,26,7828.520883227263,6855.860165738814,0.0,174731.28581429363,2637.819524935359,2691.234986133656
2015,하반기,31,45891.66693595354,36284.43524466173,0.0,1004413.9372172042,28697.446779541962,29437.83458120361
2015,하반기,32,2037.1990933841378,1613.5906744567649,0.0,38806.68814815914,1477.442397779885,1387.0266302531188
2015,하반기,33,7134.158120201594,5698.965448591002,0.0,163292.32963610263,4169.262146893282,4507.054746880554
2015,하반기,34,10399.59443989442,8281.88841477709,0.0,242791.3143774429,5014.927076065364,5562.361024668038
2015,하반기,35,3836.465535084261,3431.9396125890053,0.0,99014.51724322714,2222.569020000025,2243.7113586053615
2015,하반기,36,4068.929078478658,3396.552087596851,0.0,87303.4374420733,2704.087793319127,2821.026666485474
2015,하반기,37,9240.784678593018,7294.511813074373,0.0,272689.1124645798,4881.285583026189,5477.070848217083
2015,하반기,38,16044.855141660373,12639.397768439037,0.0,371348.8395795246,9300.09744525267,9165.157820524211
2015,하반기,39,187.53527413072965,145.35725409760803,0.0,6156.028741793877,321.389515016413,321.389515016413
2016,상반기,11,8379.853910699907,7469.7561435050075,0.0,137389.25371097264,4770.4888402500765,4603.177098768069
2016,상반기,21,9689.393952968021,7478.676586623832,0.0,155795.046813662,6155.338818396541,6244.415140573111
2016,상반기,22,7432.644384927723,5893.329167497651,0.0,122721.06439993512,4283.354625372894,4246.920896156352
2016,상반기,23,8679.467517938365,7752.037824686335,0.0,200292.41381737846,4727.031146836842,4946.271610626013
2016,상반기,24,2658.24007112553,2103.000829141119,0.0,68290.1813464002,1727.1617063309927,1680.9211309339466
2016,상반기,25,2161.655849934289,1806.2164757167154,0.0,45533.67203299071,1527.3457086166627,1456.57954788019
2016,상반기,26,8299.219568416995,7593.863060229057,0.0,168224.8248942059,1648.409499046892,1647.8767219582132
2016,상반기,29,743.1148491859224,663.8102688561061,0.0,17351.50518925454,458.6547582048537,458.6547582048537
2016,상반기,31,47758.22197517601,37133.863991617574,0.0,1007990.04758642,38161.67133567085,38328.425886720295
2016,상반기,32,2465.938105292199,1960.4989780362623,0.0,39072.84412018123,1261.3890440002504,1210.7395026989639
2016,상반기,33,9660.879091512657,7871.862803785017,0.0,167500.39716237836,4320.425762952415,5397.755954881895
2016,상반기,34,10943.434372487323,8763.502272067606,0.0,249519.85717960066,7249.912331537096,7260.1754636613605
2016,상반기,35,5745.188432823486,4633.625511473602,0.0,94973.66799689435,2306.2854690481204,2294.388644754022
2016,상반기,36,3835.1734239682296,3044.259023164106,0.0,83441.75666625964,2237.507071784915,2374.7230397048847
2016,상반기,37,11621.402482421434,8614.252315465359,0.0,270378.0723926175,6482.576574192461,6931.732368138187
2016,상반기,38,21297.600471465354,16744.069342724182,0.0,366421.29589700286,8224.327655524987,8395.164375639879
2016,상반기,39,252.94374838287615,114.50585415566323,0.0,6401.35130139836,330.4060206544699,340.4900259629457
2016,하반기,11,6245.718193191491,5195.35920436914,0.0,137601.5542251521,4185.119569797331,4212.640890601366
2016,하반기,21,6920.976005412075,5519.260931373585,0.0,156828.69458419157,3643.956240098174,4026.064388130577
2016,하반기,22,5739.2185199939895,4587.994200997469,0.0,123555.93977067267,3443.9307362359045,3498.2061081419024
2016,하반기,23,9411.980494387839,8174.953205920092,0.0,201532.35352783708,5434.651010155861,5492.253443221379
2016,하반기,24,2908.4284389374307,2505.7012240417157,0.0,68568.67110520696,1576.7633018029087,1636.4423259102073
2016,하반기,25,1821.4193662588552,1588.228547674551,0.0,45878.044632775134,885.6894038144484,993.6230735336524
2016,하반기,26,4720.958264566825,4031.8109579192155,0.0,166529.807282695,2040.5361616422242,2393.689861490737
2016,하반기,29,723.442334131976,569.6839428208682,0.0,17588.72209209164,327.1930179463035,327.1930179463035
2016,하반기,31,53519.58032779579,38609.692181287806,0.0,1014820.9112793397,37078.14855149361,36486.605515500145
2016,하반기,32,2551.9801605526786,1942.159496919024,0.0,39732.31837866048,1433.9564807485376,1615.267972950247
2016,하반기,33,9306.609578295067,7408.142038869478,0.0,169012.58390670025,4555.087930719456,5933.296603040125
2016,하반기,34,10909.827653522436,9078.854763009029,0.0,250968.5452115912,6697.651552594562,6699.720257106279
2016,하반기,35,4222.286932188616,3701.3832613801883,0.0,96020.32144808614,2970.1958621762237,3026.4804979656037
2016,하반기,36,3382.691559470632,2961.5334983629464,0.0,83639.1804735942,1749.5944875914488,1922.142428888793
2016,하반기,37,10570.562455563362,8339.858248810542,0.0,271033.44602927414,6513.930790485265,7300.806244697522
2016,하반기,38,17810.688950474792,14726.355508660048,0.0,364353.64302203746,9264.63671269055,9549.513584065937
2016,하반기,39,495.36452002758773,401.4403444484261,0.0,6517.648890105935,310.6090960198476,277.51060237622244
2017,상반기,11,8569.84567865265,7373.483213492671,0.0,132063.0745237289,4876.844774773802,4921.057255479186
2017,상반기,21,6922.141825776339,5503.074556278891,0.0,149753.1921953636,2870.987509191444,2868.241231842163
2017,상반기,22,6337.11533133039,4875.635071091935,0.0,122220.26941099283,3300.9324367440336,3565.5454392864767
2017,상반기,23,12108.062834044498,10776.125675071511,0.0,201806.41588962506,5885.253909628752,5751.477384984244
2017,상반기,24,3354.538010206471,2806.2748262737746,0.0,69096.14881440427,1320.2368316803584,1356.1345542961503
2017,상반기,25,1795.7916737115845,1699.678148092999,0.0,45398.763151716266,722.1472655824891,823.51591901033
2017,상반기,26,6357.871549852968,5568.920689370403,0.0,164725.8289338164,1957.4749026876823,1968.2948877787383
2017,상반기,29,899.128564407356,627.0031967388007,0.0,17116.90680814541,501.8269941030263,501.8269941030263
2017,상반기,31,55712.29214889885,41497.822863927446,0.0,1023436.3442601267,38464.6271789942,38974.212124647966
2017,상반기,32,2786.9971492020018,2119.711730152606,0.0,40334.911623320375,1593.3109836667525,1551.965601019282
2017,상반기,33,10631.391931799857,8296.368789566968,0.0,170691.7578149827,5543.388008049413,6526.149466624853
2017,상반기,34,11705.60003379087,9012.799121937023,0.0,248315.7968202489,7181.825778455565,7617.70123334692
2017,상반기,35,5008.098064345872,4261.803272359445,0.0,93839.83178093407,2543.770293297113,2481.7513817024897
2017,상반기,36,3509.949267446134,2437.4899243653563,0.0,81562.55495060461,2054.075509817073,2148.606741866247
2017,상반기,37,11951.652681857224,8649.744774303073,0.0,264394.43393713026,6415.050753135151,7280.039693519223
2017,상반기,38,17785.13514454805,14226.777011959193,0.0,354097.17080774426,6995.388884979256,7112.57397842139
2017,상반기,39,420.3378252820437,287.1902455375573,0.0,6564.2369441906,429.1151345239315,396.34774567262895
2017,하반기,11,7943.222080819713,7081.845635223429,0.0,133450.22873660637,3268.2234812803777,3322.750471088114
2017,하반기,21,5324.352234308741,4634.7943837376,0.0,150289.82881335198,2511.4529812033193,2381.734349019997
2017,하반기,22,5207.467124640283,3946.2775578714068,0.0,122134.29438363809,3228.1875915310006,3326.4758965367055
2017,하반기,23,10933.863680528377,9516.131455864206,0.0,202849.09999421777,5475.3346932291015,5378.749003838508
2017,하반기,24,3584.2162884657573,2932.3745126325707,0.0,69333.86039716286,1812.3078590260927,1779.5631449258174
2017,하반기,25,1713.7575309549718,1522.4420105954948,0.0,45655.84609546194,1459.4549741325295,1328.698544310491
2017,하반기,26,4070.5092174049037,3526.6126611928926,0.0,164075.28710112732,1564.9516099139923,1608.0174769473606
2017,하반기,29,696.9590250080149,551.5323812777834,0.0,17180.316947420833,461.98163928715985,459.15473198136044
2017,하반기,31,55310.36930172183,42812.52329773656,0.0,1029446.7646126708,36657.82590887429,37677.923022593845
2017,하반기,32,2207.7760648830454,1873.2526903461492,0.0,40771.5391790195,1395.490285259357,1435.6541860786442
2017,하반기,33,9444.89550766672,7365.625793158096,0.0,171599.5984557966,4914.462707027246,5678.166729112767
2017,하반기,34,10607.566316990235,8077.518675539321,0.0,249643.32629275197,6564.6819730608295,6839.323689587333
2017,하반기,35,4107.916711781916,3410.024184773234,0.0,94363.30291277447,2640.4887691430195,2734.155438128393
2017,하반기,36,2849.058712558323,2464.691714250987,0.0,81703.65869900171,1227.1874866115563,1426.370375162872
2017,하반기,37,11011.579695491544,8701.598294733414,0.0,264727.3965965872,6969.6835389602265,7248.972623912403
2017,하반기,38,15353.509708938362,12542.168161612342,0.0,353848.30223085487,6834.884088239808,7128.936403363327
2017,하반기,39,388.00540127848484,328.73995179858855,0.0,6639.465134857175,270.4478531696296,270.4478531696296
2018,상반기,11,7191.534372472581,6436.945787744899,0.0,134404.03211042288,3123.8333302122255,3453.199305794671
2018,상반기,21,6615.903051457052,5636.913652216145,0.0,152674.7960970321,2849.222660782133,2917.1830865602196
2018,상반기,22,5388.246039326743,4540.437550820339,0.0,122927.5136384501,2774.1752235971226,2816.824692726151
2018,상반기,23,8939.407611029526,8203.286049904955,0.0,201264.02140459334,4781.132979514276,5129.571337001623
2018,상반기,24,3022.683599006855,2712.0053735307733,0.0,69261.825684522,1821.0997118255655,1819.004405631163
2018,상반기,25,2184.223726084563,1992.9741279418095,0.0,45554.19421415202,815.3957261326722,830.5174606654008
2018,상반기,26,4736.127779586153,3960.838982023654,0.0,161914.75119573556,1699.3930958423673,1720.6008503783594
2018,상반기,29,742.7998757247595,562.201464560369,0.0,17391.344501825573,377.31765570224553,406.95443229679694
2018,상반기,31,53683.98970573158,43510.99835567972,0.0,1048864.215022827,35868.442421947926,37262.456368390296
2018,상반기,32,2437.013521621997,1835.1729837049684,0.0,41005.647865499166,1465.5712799750554,1432.9663200461753
2018,상반기,33,11713.834642513948,9072.890682257028,0.0,178398.6329847431,5737.6132105033175,6073.08840881354
2018,상반기,34,12707.911770534643,9846.147211260373,0.0,254338.36988336494,7102.843786419001,7495.432429852987
2018,상반기,35,4069.659492582542,3235.1477523594895,0.0,94035.6634688439,2534.183825942932,2637.1349203815384
2018,상반기,36,4097.231486868405,3429.052881264164,0.0,87848.293240537,2209.946142120183,2703.005944106024
2018,상반기,37,10808.847195116652,8442.25760215955,0.0,266757.1315380943,7339.219457575047,8782.984666277678
2018,상반기,38,18375.32707593088,14775.437207811126,0.0,350394.0577864725,5617.924849472694,5767.247594531723
2018,상반기,39,338.4220465888158,160.2820057776671,0.0,6570.622159170548,372.9425048429189,384.246649982044
2018,하반기,11,5761.7463182046195,4769.640431726127,0.0,131259.9002515812,3322.165439653014,3169.66354972397
2018,하반기,21,6580.158886058544,5257.458392778711,0.0,152457.0205193922,3145.9013706701166,3221.6911457325036
2018,하반기,22,4922.611558989771,4222.102163750489,0.0,122198.56298185633,2079.9764692038393,2103.334055473824
2018,하반기,23,8499.612881691757,7655.480732509038,0.0,199899.1546076002,3879.4971512288444,4640.766316385475
2018,하반기,24,2522.636115579693,2139.4780982086972,0.0,69682.12534317683,1071.9833309493642,1304.8057524675726
2018,하반기,25,1936.3188472859247,1670.8198913287492,0.0,46165.887527727165,763.8899441888888,850.2793010087001
2018,하반기,26,4810.129450957277,4453.019543989422,0.0,163661.75957556703,1611.4884286236338,1628.022237259626
2018,하반기,29,657.7367294170248,527.155562673907,0.0,17508.603179772646,251.24568217750806,211.22343441170707
2018,하반기,31,53122.905003321626,43423.45891494188,0.0,1060016.5301587982,32213.387862868283,33455.80534411755
2018,하반기,32,2247.2148496497543,1851.6777919270971,0.0,42583.66511224729,1147.1017506273843,1164.6149832097738
2018,하반기,33,9712.449314813945,7791.78610110781,0.0,184119.71179542202,4992.263240423089,5326.575436753806
2018,하반기,34,10903.586275942425,8837.307811032952,0.0,258456.08348953573,5425.820998178671,5431.903321227279
2018,하반기,35,4420.217372420844,3518.759823366995,0.0,92995.87238077198,2260.7703526085197,2297.2373264337007
2018,하반기,36,3825.27516349032,3230.7473947417543,0.0,88215.99553525246,2366.4758450016593,2468.539057268925
2018,하반기,37,11791.023824751463,10023.989271809312,0.0,264465.82284525974,4311.291953540354,5502.203150501345
2018,하반기,38,15251.742175337376,12059.743088174295,0.0,343647.947179288,6377.820768691552,6481.717009913394
2018,하반기,39,279.5125401851818,152.35511701823592,0.0,6751.400609930291,209.22863691342798,209.22863691342798
2019,상반기,11,5678.041638055684,5163.308486897808,0.0,131786.11394290163,2860.0648976978828,2644.533954591939
2019,상반기,21,7445.421052345287,6368.395714415357,0.0,152431.07696744733,2334.6870341315134,2230.1459443135213
2019,상반기,22,4744.991817079353,4162.100799003924,0.0,121347.60601545786,1707.0350531671752,1903.055591508278
2019,상반기,23,7905.900999792098,6981.180172448189,0.0,200226.6852312901,3768.5130062748917,4053.3103311797922
2019,상반기,24,2785.715392754098,2554.854931798853,0.0,67663.64990943886,1013.6868652719171,1008.4299430924139
2019,상반기,25,2116.370279199715,1832.5412858464313,0.0,47062.49428190821,701.3147255278205,724.0305377307634
2019,상반기,26,4567.982820071485,4172.410128033581,0.0,163233.72261097567,1405.729409060355,1408.8705517638803
2019,상반기,29,577.6714928102705,472.75042651130934,0.0,17507.75999052544,302.74197562342533,315.33440816170156
2019,상반기,31,46459.696927358345,38248.53554879305,0.0,1070730.9499412416,25833.20926207391,25846.101683458903
2019,상반기,32,2099.9307704338516,1668.484955926599,0.0,43275.87267603835,913.2151595882032,923.8739059340397
2019,상반기,33,9461.295212775349,8260.541663663991,0.0,186627.88635910777,4054.9972049840676,4417.343902592343
2019,상반기,34,10984.721307127427,9170.712787882834,0.0,261832.6246232215,5394.908963148309,5522.712681005244
2019,상반기,35,4733.916937677274,4021.9633966357546,0.0,93918.0466595733,1601.927418557316,1604.5804925990158
2019,상반기,36,3757.483460641446,3344.8805066958544,0.0,90672.60017216377,1549.5131389971887,1654.4097805721196
2019,상반기,37,8501.730141748472,6889.866473711915,0.0,261083.67200654812,3907.731990642412,4354.982192467617
2019,상반기,38,14910.015826323734,12424.685595707064,0.0,338648.01330101676,6129.64675771884,6037.807898005848
2019,상반기,39,381.73383998696835,344.289405065038,0.0,7059.295847171985,186.20024976831365,165.52906946591224
2019,하반기,11,6100.703761482173,5539.306646974914,0.0,133370.40325466127,2304.259021714147,2329.7063469832733
2019,하반기,21,6058.83368019167,5286.883355933786,0.0,151205.81950493707,2588.474694692025,2399.914137798405
2019,하반기,22,4304.973499911101,3283.061292442013,0.0,119978.95067880224,2296.106189716612,2297.674928947458
2019,하반기,23,6452.4462170974375,5495.069169759733,0.0,196003.9972964161,2997.267668704422,3071.504385557741
2019,하반기,24,2387.0252472953484,2189.9627725023815,0.0,68708.27877608582,1088.1284322742256,1036.1473020396074
2019,하반기,25,1895.3807899607448,1552.2500039321765,0.0,47462.41226118089,869.4504371082745,1049.0565567893516
2019,하반기,26,3943.962220279501,3399.8045701652622,0.0,164253.74168936396,1279.5650744855757,1357.8808997207432
2019,하반기,29,682.2933353947832,492.7204491741571,0.0,17687.837648027944,482.2648147864247,489.1989192520989
2019,하반기,31,41580.40596303021,34426.214974875715,0.0,1065164.0944880033,23647.701150544282,23228.941621609945
2019,하반기,32,2164.678854368523,1702.219698459638,0.0,44679.597692534815,1051.2792464494157,1066.5268685375117
2019,하반기,33,8155.091463253987,7034.9676885345,0.0,188112.42178709165,4135.2714148822415,4024.9290213533773
2019,하반기,34,9173.762244759693,7497.669082264535,0.0,265469.9041549667,4578.804279170027,4745.252617137841
2019,하반기,35,4454.664205281517,3741.9494914792886,0.0,93714.96262984391,2184.0472302537933,1981.847155767985
2019,하반기,36,3021.268494553438,2645.6147550054357,0.0,91362.11937311241,1175.6985418772638,1171.7299101207132
2019,하반기,37,8672.888757613035,6983.470154674514,0.0,262871.6192660797,3459.5251104959707,4084.7921869580264
2019,하반기,38,11241.65502749087,9941.272079146462,0.0,337478.9347015675,4177.492521326864,4385.946324350906
2019,하반기,39,273.74968572954134,245.63030220302187,0.0,6878.861508344608,205.17023009453865,199.23296263306597
2020,상반기,11,5456.188382145163,5023.912117463628,0.0,130173.79644994461,3129.8263326707893,3047.5246037647344
2020,상반기,21,5330.262589322066,4518.600139117807,0.0,150963.14375058425,1797.5544713419192,1743.1909894566995
2020,상반기,22,4182.112761912277,3601.482535833614,0.0,117069.89224714621,1520.8822506231027,1466.3748749064189
2020,상반기,23,6728.292651782525,6098.078821308131,0.0,193380.24966827483,2100.923316739536,2300.325945767162
2020,상반기,24,2921.762720509593,2793.4090006562724,0.0,68419.76519111972,803.8979984213213,811.8469796876067
2020,상반기,25,1907.7049952682153,1635.3413688932578,0.0,47415.22279673779,823.1796851269861,1005.2083590481341
2020,상반기,26,4350.94773830224,4152.626052832935,0.0,162247.17059681713,920.4967715801896,771.0598340582748
2020,상반기,29,650.4449940328478,563.2262548069657,0.0,18411.446046129713,432.46026939070225,410.9880723332093
2020,상반기,31,42985.34136357601,37074.63045619446,0.0,1055072.2219957993,23790.756564649328,23777.48385981791
2020,상반기,32,2329.275449368859,2025.080349084292,0.0,44405.294588874,959.0909851860271,957.0467838380303
2020,상반기,33,9394.617162497692,8757.872552793613,0.0,189628.4614433571,3675.2313717125635,3797.1579506240655
2020,상반기,34,12221.173275911679,10722.081805875685,0.0,267245.4640560191,4266.745149401665,4017.832343911145
2020,상반기,35,4727.289744424239,4213.181789866354,0.0,93488.4833704615,2221.0271943079597,2255.7021058004534
2020,상반기,36,2878.655549988757,2803.146890405996,0.0,92251.65034391847,1408.3348608707975,1513.5886432419231
2020,상반기,37,7592.994762534029,6858.128668410124,0.0,258908.92729228537,3075.188659870656,3468.55044965886
2020,상반기,38,12376.773034089525,10806.724330224517,0.0,335798.18642797443,4686.178844688604,4566.356473842163
2020,상반기,39,282.97166502526017,277.82739152432356,0.0,7289.660643409551,190.04188598767723,178.4661731623378
2020,하반기,11,4000.1809406294788,3509.0519874146353,0.0,126330.71497808422,3248.2886640406773,3210.3748462039835
2020,하반기,21,4224.598118310174,3246.5022335767912,0.0,146857.9590191328,2486.9886271857267,2629.1639351557915
2020,하반기,22,2787.244297240807,2321.3095734446442,0.0,111743.86396522268,1327.6778779755066,1881.3453609740611
2020,하반기,23,6475.71399169893,5574.280566355897,0.0,191825.9354515602,3583.870888899095,4078.40048175373
2020,하반기,24,1887.213533616044,1692.6575210035894,0.0,67999.87301555662,1171.063676057777,1210.4886005416186
2020,하반기,25,1673.046306613497,1336.4319363731204,0.0,47588.46031294962,850.0585338263211,841.760031978122
2020,하반기,26,2466.785141930142,2283.457983485803,0.0,158378.25800473592,1178.9991326209938,1148.1665995661049
2020,하반기,29,604.0132176412687,415.4158762902779,0.0,17605.259010947717,394.1663460166548,394.1663460166548
2020,하반기,31,38093.884049292064,31504.91925006311,0.0,1036192.4703526015,27812.167208561663,27295.565636897158
2020,하반기,32,1974.1165451831157,1535.7075779546003,0.0,45139.63292369503,2285.6009126162207,2308.2104883311226
2020,하반기,33,8297.914505227303,6368.7422259029345,0.0,191376.74083225802,4388.724458245477,5880.271011317268
2020,하반기,34,7473.971567328125,5921.934527058114,0.0,268828.8893288446,4824.3391163041,5032.357587357831
2020,하반기,35,3550.680720361727,2953.5590844572966,0.0,91899.82401493528,2425.309676822159,2447.6392816701336
2020,하반기,36,3045.1544711173556,2518.7014141751583,0.0,91008.71250559404,1558.879096835255,1642.7064738728186
2020,하반기,37,10034.227286490466,8321.981175070909,0.0,252074.66007986284,4639.370365750882,4705.6153095150985
2020,하반기,38,9907.407242239662,8505.446522337643,0.0,324937.6600960213,5286.5958226518205,5349.83204806906
2020,하반기,39,302.0008865796783,276.8740388565721,0.0,7164.464169568188,162.20369748172243,186.90267299443212
2021,상반기,11,6881.703107247289,5920.839813973107,0.0,186928.08645046243,4424.619918066939,4401.26801622028
2021,상반기,21,7959.832649886802,6444.567309709889,0.0,173798.9911440777,4197.47971359961,4452.217412938675
2021,상반기,22,6229.614893079992,5359.335905589144,0.0,134346.6348625715,2731.2735122977706,2931.371690221758
2021,상반기,23,8637.745526105075,7610.1583411182955,0.0,219588.4675455025,5963.868395460002,6274.448816301289
2021,상반기,24,3221.066898224815,2852.1221713148384,0.0,75484.23120062803,2045.1083983789702,1858.8121708279132
2021,상반기,25,1934.4144167183833,1581.5041554469865,0.0,55404.27784207165,1384.648076696463,1443.4750290795826
2021,상반기,26,4044.109518292788,3697.61651028052,0.0,162513.71555144285,1236.3045119327994,1295.6233021177125
2021,상반기,29,1142.817266923639,916.5359257899431,0.0,18811.004400688988,842.2119411989049,808.5020939518546
2021,상반기,31,50457.6042400325,38117.76717241596,0.0,1188961.1742257276,46434.41688923867,46293.44738039372
2021,상반기,32,2848.7038454033077,2393.9336279618915,0.0,55256.66260092382,2014.8506859685015,2004.679392307156
2021,상반기,33,11358.010778106938,8762.60910270187,0.0,205465.9545448325,7729.30647091004,9219.444458329586
2021,상반기,34,12345.92913735179,10034.090197671028,0.0,290199.5037438024,9218.149792433951,10142.136320129124
2021,상반기,35,5028.303181416819,3859.6955424258263,0.0,104221.17280322006,3235.064370889871,3248.7604813058174
2021,상반기,36,3658.0894190886274,2872.5154196429853,0.0,106404.09590847463,2657.0884474864483,2836.169520246251
2021,상반기,37,14293.653646673787,10550.111870830988,0.0,275293.3029041441,9375.715592146445,9743.159442163691
2021,상반기,38,16020.03296643453,12400.486530319336,0.0,356116.5393256002,8108.93821488096,7772.078529971696
2021,상반기,39,571.599133733552,411.35601624594085,0.0,9357.682453352007,492.43339753176383,513.1906656159273
2021,하반기,11,8243.816168443052,6277.411705306121,0.0,185922.19471848104,7392.372550666906,7566.809356568324
2021,하반기,21,8303.680013979965,6342.4105248530595,0.0,174206.31543141996,5924.044959003817,6129.536814704468
2021,하반기,22,5027.252552567887,4152.250141719936,0.0,133862.15765037047,3352.9447497266256,3591.767718665231
2021,하반기,23,10749.465893250906,8820.925192675271,0.0,221172.23088968277,8701.677977497937,9082.461101327453
2021,하반기,24,3391.2120465437933,2737.9813331556043,0.0,76361.5683990362,2223.997122993786,2310.8853532314456
2021,하반기,25,2846.6267830286292,2186.041603821852,0.0,55173.458220634566,2251.3222128462344,2326.3895945134877
2021,하반기,26,5431.465128447596,4847.738232458252,0.0,164864.12156752203,2198.1576361360603,2444.6604609641877
2021,하반기,29,1098.9735429799541,790.7303475005323,0.0,19179.965807341203,823.3777791967019,989.9396251682608
2021,하반기,31,62713.024902980454,45978.88464265824,0.0,1212506.9797167322,56382.64419205779,56306.60755963332
2021,하반기,32,3909.607279681846,2849.839417882663,0.0,56856.76040411579,3528.8146015639163,3612.1854950759152
2021,하반기,33,13304.707431616935,10142.414209372604,0.0,209926.09383761155,9049.149472913787,9491.257613966492
2021,하반기,34,16334.705780968097,12786.378485241377,0.0,294431.7694097088,11523.322663951869,11783.681296126757
2021,하반기,35,5626.406944579274,4236.669202460774,0.0,105507.36433130244,4961.133245815855,5247.220683798435
2021,하반기,36,6694.195127615948,5650.323060808846,0.0,107441.31033959096,5025.535253628487,5231.639498952601
2021,하반기,37,17208.52806466461,14593.51289202432,0.0,277964.5788245658,8261.659336720948,8434.740660885656
2021,하반기,38,15074.792958264785,11899.117967253942,0.0,358056.2290234898,11191.61409998029,11045.24354386436
2021,하반기,39,605.6056661069318,377.9765258077564,0.0,9580.776416661332,700.8490862528314,770.5786848493092
2022,상반기,11,8955.146012071491,7172.37913078496,0.0,186645.29794480503,7074.34482782262,6939.105363120016
2022,상반기,21,8959.130342822496,6881.030981877531,0.0,173463.11308942133,6499.507380363489,6318.759896168267
2022,상반기,22,8099.91446044948,6560.707950016889,0.0,136085.92874495845,5064.942413712575,4868.978396411325
2022,상반기,23,10877.933762435492,8603.390581640291,0.0,223608.2943117717,8971.293576419384,8939.502724759817
2022,상반기,24,4061.20436361377,3139.5844010412075,0.0,76195.132210727,3052.2036886374426,2992.3586123523746
2022,상반기,25,3443.005518695205,2669.761116274272,0.0,55526.913608946285,2470.4648605132784,2356.98513862317
2022,상반기,26,5149.390814753271,4340.181529768829,0.0,164723.4832042633,3457.6273753676464,3387.0805088338966
2022,상반기,29,1041.6296749487517,807.7299222691111,0.0,19565.71293295954,962.5218655329295,959.4571560694866
2022,상반기,31,71305.70887612391,47843.47781902722,0.0,1229713.0010656016,70798.81880223299,69655.83454140846
2022,상반기,32,4323.59851427819,3075.2972660592145,0.0,54847.54209732088,3769.860167684382,4121.11881182171
2022,상반기,33,15447.410745673145,9586.261584250875,0.0,211920.66326027925,11996.195909316823,12184.88865836535
2022,상반기,34,15555.88234624165,11520.82272860842,0.0,296507.0193901232,13171.83084389802,12979.280156892564
2022,상반기,35,6096.401160266753,4333.688986481647,0.0,105678.9200024056,4968.1597529063265,4979.392972737712
2022,상반기,36,6428.935528537098,4539.135429503622,0.0,109508.01353252286,5063.960885631809,4751.517774490149
2022,상반기,37,15872.468343479804,11669.9695981025,0.0,277764.5903503685,11616.261760188076,11770.845640669906
2022,상반기,38,16979.79572742125,11820.322212375575,0.0,359882.85177658394,14495.537392792943,14413.418342038354
2022,상반기,39,827.4359433169409,623.534133747813,0.0,9820.852179366128,724.2232347036272,705.137230600178
2022,하반기,11,9601.479904414631,8112.015575361193,0.0,185077.47729737224,5374.137585406034,5515.98614497347
2022,하반기,21,7627.324293352426,5667.053094733986,0.0,173695.9380769942,5533.872565195884,5492.232002790057
2022,하반기,22,8228.144335212293,6212.972959599758,0.0,136627.20694017637,5442.212973941379,5308.505122614081
2022,하반기,23,9795.14138653211,7449.560778154572,0.0,225929.08829522057,6840.655824185898,7129.449511222852
2022,하반기,24,3575.8745071568987,2933.892979510263,0.0,76564.45540571796,2487.0201394794703,2604.757377166214
2022,하반기,25,3443.3840414483675,2631.9833170083575,0.0,55970.55899274816,2102.0321028152675,2069.8376592646728
2022,하반기,26,5449.52587636028,4294.266694982161,0.0,165037.29245529487,4349.549021554463,4236.503007728075
2022,하반기,29,1331.6429567958994,1079.7339773481992,0.0,20103.408446886635,936.4967192476582,931.768474248016
2022,하반기,31,69372.52189063292,46711.96309817843,0.0,1247822.4568994665,66245.3770056654,65913.02004307046
2022,하반기,32,4522.947063267391,3599.173947044572,0.0,55807.58015742601,4462.741650309023,4534.248194878013
2022,하반기,33,15350.608601626285,10938.572663006042,0.0,212321.60728148112,10968.761789713848,11520.602796812327
2022,하반기,34,16132.232988964872,11049.146412510137,0.0,298853.4098812083,12985.652885110841,13401.715671530701
2022,하반기,35,6062.068435755664,4483.0497685062455,0.0,106642.21090568787,3907.081902341175,4129.019189036563
2022,하반기,36,7445.565133390684,5382.4159567476045,0.0,112381.56445595996,5290.499342482721,5400.3383138467925
2022,하반기,37,19145.52092465523,13404.271888204723,0.0,278557.8496209807,11456.171911385845,12420.579172183945
2022,하반기,38,18252.780081457473,12553.106714806543,0.0,363493.9918923646,14989.338824312405,14813.04073458624
2022,하반기,39,648.4782064549222,384.3554892232027,0.0,9903.46525339972,681.9085591361516,652.391294800092
2023,상반기,11,8385.385696839268,7046.599770255231,0.0,187122.41542017812,4428.8774429299165,4292.746722002031
2023,상반기,21,8260.535940917673,6012.159806544279,0.0,175283.77423642462,5752.336533422826,5912.618344528944
2023,상반기,22,7011.786668789155,5604.2613516162655,0.0,136133.31864240643,3801.3623441951877,3798.322373774043
2023,상반기,23,9615.216944182102,8084.361671366121,0.0,225895.42778007148,6705.49836604251,6757.0524434714525
2023,상반기,24,3159.8734233820715,2746.3193706368234,0.0,78261.0562926793,2187.4941380306577,2170.221635649841
2023,상반기,25,3400.1766558083477,2823.6395543318336,0.0,59082.18588302609,2350.7146805936754,2344.198413058779
2023,상반기,26,6887.953656152779,5722.252426839395,0.0,164410.08695662604,4505.595380812724,4492.895153296971
2023,상반기,29,1151.3674527150863,925.9184300858527,0.0,21111.736229411326,735.1595029993528,728.7136065761197
2023,상반기,31,57834.086982389745,42142.98681199519,0.0,1243739.3558723456,51778.226128286464,51377.07945309918
2023,상반기,32,4123.124189178495,3047.9445252790197,0.0,55972.97622001113,3343.8686742046702,3587.2516312339535
2023,상반기,33,14320.527297764913,9873.279331500746,0.0,218344.49843274945,8340.042797241249,8597.528972532982
2023,상반기,34,15237.126781268807,12299.437454352557,0.0,295115.00563231384,9725.554053902479,9556.72001862365
2023,상반기,35,6157.963423627798,5138.349249610218,0.0,107610.02339712254,3369.8766824483673,3318.3470364117943
2023,상반기,36,6262.43776463135,5103.35232405489,0.0,114857.35897665571,4412.493867650567,4413.587062830808
2023,상반기,37,17927.711077268552,12371.93073921397,0.0,289947.81834878714,12044.113648350838,12498.429196756419
2023,상반기,38,20649.61527840099,15814.424302186046,0.0,369819.6446160988,13104.834259032743,12897.164013395884
2023,상반기,39,719.9289256044455,447.78474912551195,0.0,10022.238752228992,563.8482805372674,462.5886258669621
2023,하반기,11,9271.865570342099,7897.205526217751,0.0,184130.01666211424,6077.225246483764,5982.975559889112
2023,하반기,21,7972.20907945818,6423.796289521212,0.0,174843.49785242995,4285.958708765663,4198.748795098242
2023,하반기,22,7142.803177831536,6184.331064177062,0.0,137283.05578978284,3748.3031454256957,3646.6556892040367
2023,하반기,23,9382.80051471936,7485.413937151204,0.0,224766.33217027131,6712.452662756682,6905.174411208245
2023,하반기,24,2779.3863589924586,2253.812041477783,0.0,75332.51204741966,1712.2748601436651,1735.2586558149121
2023,하반기,25,2738.7716298100268,2165.3256212534698,0.0,58406.097710988906,1752.8276161776557,1775.4703209298896
2023,하반기,26,5958.650758792297,5272.014701143143,0.0,164230.86465719412,4941.4603782436425,4984.144908943592
2023,하반기,29,1092.7418984728793,888.5333155846998,0.0,21982.70297694837,909.736111987198,943.9717167040615
2023,하반기,31,58213.45902402052,41215.14860204297,0.0,1239397.7484830208,51296.38584786976,49743.981550726225
2023,하반기,32,4565.012660556808,3504.2752065930545,0.0,54654.91349662739,2626.1254310232116,2848.3964680482372
2023,하반기,33,12337.863129030113,8777.448570220726,0.0,218324.77107454816,9478.99477195986,9767.84798420216
2023,하반기,34,15991.78653140757,12338.504135805504,0.0,295517.45086069376,10814.768834876933,11017.763714978488
2023,하반기,35,5513.40041048388,3888.071421490096,0.0,108891.86269993342,3747.614531805917,3644.3002802830124
2023,하반기,36,6109.172853205407,5057.885881314494,0.0,116536.66971002627,5521.347594972544,5720.220322541608
2023,하반기,37,18496.50879043312,14582.354586107002,0.0,292867.1198063237,11476.422447144421,11765.568811117055
2023,하반기,38,16055.869542798666,11754.418390312843,0.0,373697.7381808418,11735.01068510455,11756.315070915522
2023,하반기,39,472.4338465360881,426.7745342839069,0.0,10088.474671827937,623.0072283353533,597.6282225662173
2024,상반기,11,9636.852972635521,8094.675247062698,0.0,180904.7623870794,5583.52814966284,5141.375313549897
2024,상반기,21,8680.824224757991,7101.702686885865,0.0,174116.23082988433,4444.068330954449,4476.806592961383
2024,상반기,22,7964.526366780241,7267.28460745657,0.0,136574.36580230124,3155.052056751098,3067.166007631822
2024,상반기,23,8560.7640092689,7217.984648125363,0.0,224825.5756557017,5476.271392067196,5462.171739552375
2024,상반기,24,3416.229790165133,2909.143154976541,0.0,73461.18214503575,1760.1940347270468,1585.618501974428
2024,상반기,25,2465.516662253043,2103.413162495841,0.0,57864.42859575991,2286.0311270389752,2407.945090540192
2024,상반기,26,6153.027134062552,5585.462859406326,0.0,162497.5139518637,3607.646423642184,3775.2296677979107
2024,상반기,29,1279.9513173919445,1129.7222600242635,0.0,22151.18476308616,685.3253969723008,822.5252796654631
2024,상반기,31,59250.888416814814,43983.90797341503,0.0,1239903.4080176973,39954.96978158517,38620.112255213106
2024,상반기,32,4040.154728738702,3260.91987141725,0.0,54344.10837096881,2459.013357362241,2458.652785293238
2024,상반기,33,11741.354188616944,8399.051064287842,0.0,217351.47689000738,8275.128616616612,8077.555486015547
2024,상반기,34,13833.194977875786,11080.309961098123,0.0,294126.3161810657,9664.842269096063,9650.106417200828
2024,상반기,35,6292.983132478693,4940.968350599763,0.0,108400.9556518772,3688.0828014153935,3477.34345376345
2024,상반기,36,5862.2075989236,5157.50570550023,0.0,114592.84886907175,3067.4521912104506,2974.8577500948286
2024,상반기,37,13573.823088992373,11012.421343609942,0.0,289684.9425440967,8906.473456337355,8903.392660353999
2024,상반기,38,17177.529983576977,13956.835857802565,0.0,376997.1118737293,11755.222652552106,10867.614285452133
2024,상반기,39,712.2478579140533,641.6616249603605,0.0,10122.745558231707,285.1379014709292,287.2801154326547
2024,하반기,11,10439.629666176377,9289.117478256938,0.0,176682.13432194712,5199.219195973282,5074.640919528222
2024,하반기,21,7037.764088779095,5859.553103109597,0.0,175333.19870482266,4349.653052966118,4217.846696216458
2024,하반기,22,6759.813592594493,6060.538518040287,0.0,135783.56535811187,3578.0371795724886,3635.259018892024
2024,하반기,23,9068.194441584754,8053.439309869273,0.0,224844.8728636084,5708.439727809699,5492.35741063877
2024,하반기,24,2661.0374742882145,2351.5104659179933,0.0,72753.34046533974,1452.9457164559394,1441.7905977091468
2024,하반기,25,2629.733177736453,2318.2548325867087,0.0,57484.01598593092,1358.4648488368541,1337.5189175917153
2024,하반기,26,5433.017798471613,4589.63453120916,0.0,165086.469759128,2724.1246521925254,2849.7290233187136
2024,하반기,29,1284.541637309382,1007.6118712522266,0.0,21974.818462999672,897.1194956485709,994.4188987714102
2024,하반기,31,56309.7770008735,44510.57506001708,0.0,1243663.9410886052,43041.195408841915,40694.588277673065
2024,하반기,32,4110.53952580531,3482.2400667622182,0.0,54126.69800405387,2614.0707779961217,2680.353422571106
2024,하반기,33,11228.649364842526,8156.699464635179,0.0,218606.45514934673,8198.046898141474,8743.27421295389
2024,하반기,34,15593.281282825375,12618.407716530884,0.0,292757.0895415732,8967.985677134091,8878.998058751207
2024,하반기,35,5586.297183443021,4573.520654440713,0.0,108600.80461338109,3172.7501491613825,3145.325161298403
2024,하반기,36,5646.721248377247,5205.430344014289,0.0,114632.32981433197,2490.946296171423,2579.695185731009
2024,하반기,37,14479.078424092582,11917.16671405966,0.0,288807.16529253445,9352.81791272476,8646.5900470891
2024,하반기,38,14697.608604463803,11538.525992711098,0.0,380332.7765451633,9569.75501713163,9213.73197173351
2024,하반기,39,402.84663423326555,338.92895006802837,0.0,10096.329554548543,413.90130545282585,407.5965771967152
2025,상반기,11,8937.68263069979,7704.816023710329,0.0,173627.34645302722,3986.2916342175904,3630.20726545392
2025,상반기,21,7853.696416578932,7032.521317659768,0.0,174114.63256824188,3618.391297745864,3678.797713567682
2025,상반기,22,7812.042679455879,6999.592700485113,0.0,134712.6226075062,3080.202307015527,2946.671303427192
2025,상반기,23,8103.701995287677,7211.993921671604,0.0,224704.27511564587,4076.5120137259983,3914.5861183231646
2025,상반기,24,2954.424315763106,2534.693030464202,0.0,72303.14982146614,1408.8044250442535,1368.472184082799
2025,상반기,25,3006.805615368214,2376.9305638038586,0.0,57303.855821946,1688.8262431915211,1602.9372397409627
2025,상반기,26,5782.14561854276,5390.524150701865,0.0,164720.96826039208,3586.8085033942543,3685.243843522537
2025,상반기,29,1281.701530893792,1104.655523581665,0.0,22232.50066343053,665.8416940334088,624.8153200274811
2025,상반기,31,50372.527540557174,41505.55218889357,0.0,1246825.050169923,34166.294288681995,31884.08548905174
2025,상반기,32,4175.786390885537,3221.9201463996365,0.0,54194.78533768055,2478.3145009985797,2571.5196489547047
2025,상반기,33,10319.138977598002,7872.007480933086,0.0,218416.3325821394,7217.074616602695,7303.002982375343
2025,상반기,34,14332.707116783651,11631.66555088947,0.0,293397.4234601843,8433.951366031028,8393.454235298876
2025,상반기,35,5577.923636163043,4869.482325771376,0.0,107109.2074772205,2704.305470017686,2649.583020128613
2025,상반기,36,5221.864440750333,4480.271697259655,0.0,114060.49064395406,2741.8244485365512,2750.221551336845
2025,상반기,37,12988.224704340471,10769.25396303092,0.0,283853.45003728016,7414.9120627418515,8161.52238800095
2025,상반기,38,16129.764161828547,13260.689351926834,0.0,382101.83226496045,9745.077592797437,9548.648037741195
2025,상반기,39,421.99864659444665,375.380768725629,0.0,9944.482848578828,203.07527679835897,205.97194417415633
